id,first_name,last_name,email
1,Shana,Bretelle,sbretelle0@wsj.com
2,Arel,Keller,akeller1@usda.gov
3,Georgie,Kivelle,
4,Stephana,Macewan,
5,Penny,Backes,pbackes4@jiathis.com
6,Conan,Pedrielli,
7,Lock,Elliston,
8,Sibeal,Bulley,
9,Ephrem,Maskrey,emaskrey8@shinystat.com
10,Shellysheldon,Bushrod,sbushrod9@loc.gov
11,Raoul,Pridding,
12,Lorelei,MacShirrie,lmacshirrieb@independent.co.uk
13,Tommy,Snoxill,tsnoxillc@dailymotion.com
14,Uriah,Quiney,
15,Ibrahim,Benwell,
16,Rorke,Husher,rhusherf@blogger.com
17,Denyse,Astell,dastellg@about.com
18,Cash,Wandrach,cwandrachh@wikia.com
19,Dari,Belle,dbellei@webmd.com
20,Marcellus,Holley,mholleyj@imdb.com
21,Kilian,Arnaudi,karnaudik@com.com
22,Barbabas,MacGillivray,bmacgillivrayl@sciencedaily.com
23,Cori,Grinyakin,cgrinyakinm@adobe.com
24,Irvin,Rubenovic,irubenovicn@google.com
25,Friedrick,Bartalot,fbartaloto@nih.gov
26,Jewel,Iohananof,jiohananofp@hp.com
27,Vale,Collocott,
28,Horatius,Iannuzzelli,hiannuzzellir@cnn.com
29,Mycah,Hallin,mhallins@si.edu
30,Brendan,Filippi,bfilippit@mit.edu
31,Arv,Ticehurst,aticehurstu@loc.gov
32,Vevay,Halsho,vhalshov@smugmug.com
33,Godfrey,Jaffa,gjaffaw@theglobeandmail.com
34,Margarita,MacRury,mmacruryx@europa.eu
35,Salomi,Midlar,smidlary@mapquest.com
36,Seymour,Delamere,sdelamerez@craigslist.org
37,Kristal,Clemmen,
38,Rolland,Tertre,rtertre11@usgs.gov
39,Mehetabel,Harrowell,
40,Colver,Kennefick,ckennefick13@wiley.com
41,Farra,Gabrieli,
42,Elly,Honnicott,ehonnicott15@soundcloud.com
43,Charlotte,Bedward,cbedward16@shop-pro.jp
44,Paige,Rugg,prugg17@i2i.jp
45,Dee dee,Nazair,dnazair18@gmpg.org
46,Vittoria,Eloi,veloi19@npr.org
47,Cullan,Jimes,cjimes1a@pcworld.com
48,Edita,Berndtsson,eberndtsson1b@bluehost.com
49,Desi,Giacoboni,dgiacoboni1c@dropbox.com
50,Bibby,Dewi,bdewi1d@oaic.gov.au
51,Rani,Knevett,rknevett1e@nyu.edu
52,Budd,Vaney,bvaney1f@state.gov
53,Jourdan,Reely,
54,Stacee,Whelan,
55,Trey,Feldstein,tfeldstein1i@army.mil
56,Leonora,Jordison,
57,Godiva,Raddan,graddan1k@amazon.co.jp
58,Bette,Tigwell,
59,Con,Gisbey,cgisbey1m@goodreads.com
60,Fons,Pounsett,fpounsett1n@cornell.edu
61,Kata,Dean,kdean1o@mozilla.com
62,Idell,Saterthwait,isaterthwait1p@abc.net.au
63,Roosevelt,Yearron,ryearron1q@noaa.gov
64,Franky,Germain,
65,Jaye,Naismith,
66,Giselbert,Lighten,
67,Polly,Dennitts,
68,Nelia,Redparth,
69,Carney,Wormstone,cwormstone1w@apple.com
70,Milo,Bellwood,
71,Riobard,Seaking,
72,Cordell,Wheaton,cwheaton1z@g.co
73,Seamus,Dowyer,sdowyer20@ucoz.com
74,Rollo,Bromage,rbromage21@arstechnica.com
75,Bethany,Quaif,bquaif22@economist.com
76,Nathanael,Meddows,
77,Ramon,Corrett,rcorrett24@ox.ac.uk
78,Kyle,Raynard,
79,Franklyn,Popworth,fpopworth26@forbes.com
80,Hort,Bowich,hbowich27@infoseek.co.jp
81,Joleen,Blaszczak,jblaszczak28@furl.net
82,Archibaldo,Loftin,aloftin29@tmall.com
83,Loydie,D'Aeth,ldaeth2a@wsj.com
84,Aubree,Sangwine,
85,Denyse,Lax,dlax2c@delicious.com
86,Gallard,Lever,glever2d@mayoclinic.com
87,Rabi,Larmet,
88,Edi,Leadley,eleadley2f@vinaora.com
89,Annora,Ullrich,
90,Etan,Wetheril,
91,Lishe,Eastway,
92,Clint,Sollon,
93,Roth,Waulker,rwaulker2k@t.co
94,Iormina,Bene,ibene2l@jigsy.com
95,Bobette,Simson,
96,Rickey,Weitzel,
97,Samantha,Skellington,sskellington2o@booking.com
98,Clarence,Piggrem,
99,Nelly,Nares,
100,Daniella,Dolton,ddolton2r@hibu.com
101,Jelene,Farquharson,jfarquharson2s@irs.gov
102,Vivi,De Benedetti,vdebenedetti2t@wunderground.com
103,Sammy,Lansdowne,slansdowne2u@google.pl
104,Barn,Fryd,
105,Karel,Cawsby,kcawsby2w@utexas.edu
106,Ole,Chess,ochess2x@ihg.com
107,Darlleen,Filer,dfiler2y@dot.gov
108,Broddie,Jakubovsky,bjakubovsky2z@gnu.org
109,Dolf,Syder,dsyder30@reuters.com
110,Shane,Kenaway,skenaway31@feedburner.com
111,Glynn,Smithyman,
112,Mala,Thonason,mthonason33@fema.gov
113,Ly,Willatts,
114,Rosalie,Roblin,
115,Eben,Ryley,eryley36@yahoo.co.jp
116,Othilia,Cargill,ocargill37@ihg.com
117,Ashien,Cromer,acromer38@earthlink.net
118,Fay,Curado,fcurado39@yahoo.co.jp
119,Alexia,Roget,
120,Candace,Sheridan,csheridan3b@nih.gov
121,Hillel,Buttner,hbuttner3c@china.com.cn
122,Kenneth,Windmill,
123,Dyane,Revett,
124,Brunhilda,Belvard,bbelvard3f@github.com
125,Bianka,Trollope,btrollope3g@miitbeian.gov.cn
126,Merla,Cockill,mcockill3h@google.de
127,Lavinia,Kleuer,lkleuer3i@devhub.com
128,Manuel,Foxworthy,mfoxworthy3j@ucla.edu
129,Lonnard,Giorgio,
130,Donn,Hadingham,dhadingham3l@fc2.com
131,Karmen,Mulholland,kmulholland3m@foxnews.com
132,Euell,Winpenny,
133,Allix,Robker,arobker3o@bloglines.com
134,Reece,Childes,rchildes3p@indiatimes.com
135,Elwyn,Eyckelbeck,eeyckelbeck3q@businessinsider.com
136,Sawyere,Aynsley,saynsley3r@mediafire.com
137,Roseanne,Tomsu,rtomsu3s@miitbeian.gov.cn
138,Temp,Wimpey,
139,Tabby,Bridgeland,
140,Aurora,Frangleton,afrangleton3v@wisc.edu
141,Nixie,Hucknall,nhucknall3w@mysql.com
142,Quillan,Sparwell,qsparwell3x@linkedin.com
143,Jacintha,Duberry,
144,Sabra,Abramowitz,sabramowitz3z@feedburner.com
145,Kenn,Jenteau,kjenteau40@marketwatch.com
146,Ealasaid,Dean,edean41@360.cn
147,Zaria,Brend,zbrend42@gmpg.org
148,Andrea,Gavin,agavin43@chron.com
149,Ruddie,Lakes,
150,Martino,Pashby,mpashby45@domainmarket.com
151,Pyotr,Howis,
152,Nicol,Crudge,ncrudge47@theglobeandmail.com
153,Minda,Keford,mkeford48@list-manage.com
154,Fenelia,Southerell,fsoutherell49@java.com
155,Nathan,Ongin,nongin4a@bing.com
156,Rad,Lively,
157,Ashby,Purkins,
158,Nobe,Bigley,nbigley4d@dagondesign.com
159,Gabie,Snazel,gsnazel4e@slideshare.net
160,Garfield,Felderer,gfelderer4f@ibm.com
161,Moselle,Thew,mthew4g@hhs.gov
162,Beilul,Woollett,
163,Rosa,Moralee,rmoralee4i@arstechnica.com
164,Rhodie,Cosgrive,rcosgrive4j@hud.gov
165,Amos,Westwater,
166,Katy,O'Hengerty,
167,Nisse,Liveing,nliveing4m@europa.eu
168,Andrey,McGray,amcgray4n@issuu.com
169,Sonny,Willis,
170,Grange,Kyme,
171,Reba,Veltman,rveltman4q@elpais.com
172,Alanah,Beakes,abeakes4r@deviantart.com
173,Muire,Lippiatt,mlippiatt4s@topsy.com
174,Shay,Rainer,srainer4t@disqus.com
175,Arlette,Oxlade,aoxlade4u@nih.gov
176,Jeanette,Trayhorn,jtrayhorn4v@usnews.com
177,Ianthe,Pesek,ipesek4w@fastcompany.com
178,Jenn,Elias,
179,Myron,Ferrant,mferrant4y@netscape.com
180,Rhodia,Yeomans,ryeomans4z@liveinternet.ru
181,Englebert,Sauvain,
182,Martelle,De Miranda,mdemiranda51@virginia.edu
183,Wallace,Rayne,wrayne52@yellowbook.com
184,Alberik,Fulham,
185,Jervis,Lesser,jlesser54@google.cn
186,Maurits,Woollaston,mwoollaston55@flickr.com
187,Ambrose,Franz-Schoninger,afranzschoninger56@google.de
188,Mychal,Crockford,mcrockford57@state.gov
189,Hersh,Janos,
190,Carly,Kirvin,ckirvin59@microsoft.com
191,Adolph,Gosforth,agosforth5a@github.io
192,Wynn,Meegin,wmeegin5b@360.cn
193,Robinetta,Picardo,
194,Dahlia,Shipcott,dshipcott5d@cbsnews.com
195,Stephanie,Hanwell,
196,Sylvan,Cranney,scranney5f@tripod.com
197,Mathilda,Gerardeaux,mgerardeaux5g@flickr.com
198,Garey,Tilliards,
199,Franciska,Boyall,
200,Floris,Veall,fveall5j@omniture.com
201,Sharyl,Vakhonin,svakhonin5k@etsy.com
202,Eduino,Guerro,eguerro5l@twitter.com
203,Yovonnda,Befroy,ybefroy5m@yandex.ru
204,Nike,Nijssen,
205,Wit,Petts,wpetts5o@un.org
206,Sebastian,Lamcken,
207,Maggi,McDermott,
208,Cleon,Pleuman,
209,Maure,Layne,mlayne5s@npr.org
210,Fidel,Berthod,
211,Munmro,MacMoyer,
212,Frans,Hynard,
213,Krystalle,Rasmus,krasmus5w@trellian.com
214,Griffie,Grouen,ggrouen5x@archive.org
215,Humfried,Noteyoung,hnoteyoung5y@tumblr.com
216,Alair,Dieton,adieton5z@sakura.ne.jp
217,Doralin,Plom,dplom60@google.ru
218,Chilton,Tenny,
219,Alyce,Wickes,awickes62@geocities.com
220,Kare,Grice,kgrice63@ovh.net
221,Vincents,Dundon,vdundon64@amazonaws.com
222,Eran,Dotson,
223,Clay,Killgus,
224,Darelle,Moakson,dmoakson67@newyorker.com
225,Cahra,Handforth,chandforth68@techcrunch.com
226,Enrica,Edgington,eedgington69@bizjournals.com
227,Myrta,Qualtrough,mqualtrough6a@instagram.com
228,Thornton,Kleeman,tkleeman6b@theatlantic.com
229,Erda,Kierans,ekierans6c@fastcompany.com
230,Tarrance,Melesk,tmelesk6d@rediff.com
231,Kerby,Riddles,kriddles6e@themeforest.net
232,Dehlia,Eves,deves6f@csmonitor.com
233,Emmett,Simioli,
234,Barbabas,Skivington,bskivington6h@uol.com.br
235,Bevan,Carolan,bcarolan6i@cocolog-nifty.com
236,Dede,Botler,dbotler6j@edublogs.org
237,Kittie,Rivitt,
238,Dorey,Spollen,dspollen6l@businesswire.com
239,Willow,Ruusa,wruusa6m@wisc.edu
240,Karee,MacAnespie,kmacanespie6n@virginia.edu
241,Moe,Gostling,
242,Letti,Ashburne,lashburne6p@mail.ru
243,Karil,Grimoldby,kgrimoldby6q@fda.gov
244,Kamilah,Shalcras,
245,Niven,Thurlbourne,
246,Bamby,Queripel,
247,Pincas,Metzig,pmetzig6u@feedburner.com
248,Kennan,Dally,kdally6v@goo.ne.jp
249,Korie,Braxton,kbraxton6w@dagondesign.com
250,Vanda,Brisland,vbrisland6x@parallels.com
251,Sean,Woolfoot,
252,Harmonia,Derks,hderks6z@canalblog.com
253,Bevvy,Tulloch,
254,Izzy,Lindeman,ilindeman71@loc.gov
255,Farrell,Endle,
256,Milly,Oleszkiewicz,moleszkiewicz73@omniture.com
257,Abner,Rodman,arodman74@cisco.com
258,Krystalle,Botcherby,kbotcherby75@reference.com
259,Maren,Goodwin,
260,Gina,Feldstein,gfeldstein77@home.pl
261,Hyacinthia,Chomicki,hchomicki78@nhs.uk
262,Davidson,Hustings,dhustings79@ocn.ne.jp
263,Alena,Nuschke,anuschke7a@paypal.com
264,Rhys,Greson,rgreson7b@paypal.com
265,Rubin,Screaton,
266,Maryanna,Jeness,mjeness7d@fotki.com
267,Boniface,Peasegod,bpeasegod7e@uiuc.edu
268,Taite,Beckham,
269,Ange,Camies,
270,Loralie,Kubec,lkubec7h@surveymonkey.com
271,Wenonah,Zorzutti,wzorzutti7i@nhs.uk
272,Nikaniki,Townsend,
273,Tilly,Kidston,
274,Stacia,Atrill,satrill7l@twitter.com
275,Madonna,Bowskill,
276,Ettore,Burford,eburford7n@samsung.com
277,Melli,Velten,mvelten7o@nsw.gov.au
278,Tomi,Wyllt,twyllt7p@wikipedia.org
279,Brock,Swepson,bswepson7q@behance.net
280,Adena,Jervois,ajervois7r@webs.com
281,Salomi,Reid,
282,Elfrida,Mendoza,emendoza7t@prnewswire.com
283,Benji,Flewett,
284,Carlye,Matuszyk,
285,Klarika,Stebbins,
286,Maxwell,Brimmacombe,mbrimmacombe7x@e-recht24.de
287,Tally,Gerding,
288,Nelli,Hockey,
289,Elladine,Sundin,esundin80@tinyurl.com
290,Jeanna,Udden,judden81@ft.com
291,Odelle,Blakeborough,oblakeborough82@vkontakte.ru
292,Danna,Ridulfo,dridulfo83@usatoday.com
293,Baxy,Foulis,bfoulis84@hp.com
294,Carma,Knoles,cknoles85@skyrock.com
295,Evvie,Herreran,eherreran86@tumblr.com
296,Waylan,Gierke,wgierke87@amazonaws.com
297,Evvie,Winchurch,
298,Sanson,Fripp,sfripp89@tuttocitta.it
299,Isobel,Osanne,iosanne8a@webnode.com
300,Ganny,De Ruggero,
301,Lucky,Bust,lbust8c@yandex.ru
302,Erskine,Jordan,ejordan8d@dyndns.org
303,Gregorius,Glandon,gglandon8e@noaa.gov
304,Quincy,Beville,qbeville8f@istockphoto.com
305,Fergus,MacKain,
306,Blair,Foister,bfoister8h@who.int
307,Katharine,Avann,kavann8i@privacy.gov.au
308,Ricki,Pegram,rpegram8j@google.cn
309,Tine,Pevsner,tpevsner8k@ovh.net
310,Glynn,Stainbridge,gstainbridge8l@ning.com
311,Brigham,Binnion,
312,Shaine,Bryer,
313,Francois,Gidman,fgidman8o@angelfire.com
314,Brandy,Milch,bmilch8p@businesswire.com
315,Liam,Bumpas,lbumpas8q@ed.gov
316,Christine,Torrent,ctorrent8r@hhs.gov
317,Brittne,Grove,bgrove8s@patch.com
318,Koressa,Duplan,kduplan8t@hud.gov
319,Stearn,Egginson,
320,Merle,Pero,mpero8v@dropbox.com
321,Bethanne,Ciccoloi,
322,Mordy,Proschke,mproschke8x@zimbio.com
323,Brendin,Dufaur,
324,Konstantine,Birckmann,
325,Ronny,Byrd,rbyrd90@marketwatch.com
326,Astrix,Camilio,acamilio91@ca.gov
327,Stacee,Tulk,
328,Sheri,Yurin,
329,Burnard,Grisdale,bgrisdale94@umich.edu
330,Grete,Denver,gdenver95@timesonline.co.uk
331,Phebe,Lamblin,plamblin96@miitbeian.gov.cn
332,Britt,Daen,bdaen97@fastcompany.com
333,Malinda,Trymme,
334,Honoria,Avramovsky,
335,Livia,Starmer,
336,Nikolos,Arniz,narniz9b@nhs.uk
337,Godfry,Josselsohn,
338,Denys,Coleson,dcoleson9d@netscape.com
339,Winston,Wrate,wwrate9e@sciencedirect.com
340,Magdaia,Mousdall,
341,Abbey,MacIlurick,amacilurick9g@google.ca
342,Margaretha,Grainger,mgrainger9h@flavors.me
343,Fair,Lathleiffure,flathleiffure9i@hostgator.com
344,Claire,Fucher,
345,Lief,Stillman,
346,Paulita,Rennicks,
347,Fleurette,Keaveny,fkeaveny9m@behance.net
348,Vin,Hanning,
349,Shalna,Gobeau,sgobeau9o@newsvine.com
350,Zedekiah,Mc Combe,zmccombe9p@wufoo.com
351,Emmanuel,Sturgeon,
352,Terra,Enderwick,tenderwick9r@cmu.edu
353,Ronica,Endrizzi,rendrizzi9s@1und1.de
354,Darb,Delgadillo,
355,Padraic,Bolland,pbolland9u@google.de
356,Lotty,Simounet,lsimounet9v@behance.net
357,Sheppard,Russell,
358,Amory,Palke,apalke9x@ehow.com
359,Aylmer,Prattington,aprattington9y@kickstarter.com
360,Eleonore,Dwelley,
361,Nissa,Peakman,npeakmana0@mozilla.com
362,Bing,McDunlevy,bmcdunlevya1@feedburner.com
363,Jewelle,Meakin,jmeakina2@discovery.com
364,Andrei,Roose,aroosea3@npr.org
365,Padriac,Iorio,piorioa4@taobao.com
366,Ermin,Langcaster,elangcastera5@tmall.com
367,Helena,Bedinn,
368,Theodosia,Witherbed,twitherbeda7@barnesandnoble.com
369,Amye,Hicks,
370,Ernesto,Sowray,esowraya9@businessinsider.com
371,Dahlia,Daughtry,
372,Kellia,Newvill,knewvillab@4shared.com
373,Cyb,Pavek,cpavekac@newyorker.com
374,Juieta,Lermouth,jlermouthad@blogs.com
375,Lowe,Gross,lgrossae@wp.com
376,Raychel,Sheals,rshealsaf@mtv.com
377,Schuyler,Aery,
378,Dianemarie,Prangley,
379,Pancho,Lavery,
380,Mareah,Hamor,
381,Arne,Grinyakin,agrinyakinak@bbb.org
382,Fremont,Minico,fminicoal@wisc.edu
383,Decca,Bruce,dbruceam@fema.gov
384,Fritz,Belchambers,fbelchambersan@nationalgeographic.com
385,Nessie,Limb,
386,Sander,Antunez,
387,Serene,Byng,sbyngaq@ed.gov
388,Ode,Morch,omorchar@eventbrite.com
389,Cyrus,Grodden,cgroddenas@uol.com.br
390,Walker,Davioud,wdavioudat@parallels.com
391,Thibaut,Evason,tevasonau@meetup.com
392,Adolph,Irnys,
393,Tania,Braybrooks,tbraybrooksaw@washingtonpost.com
394,Arlene,Kivell,akivellax@engadget.com
395,Frederico,Abotson,fabotsonay@noaa.gov
396,Wallace,Village,wvillageaz@ask.com
397,Percy,Brandenburg,
398,Rhonda,Gilhooley,rgilhooleyb1@jugem.jp
399,Davita,Beeck,dbeeckb2@prlog.org
400,Aurthur,Sailor,asailorb3@desdev.cn
401,Jeniece,Swalwel,jswalwelb4@facebook.com
402,Kristoffer,Rolf,
403,Breanne,Mongeot,bmongeotb6@who.int
404,Koenraad,McBeith,kmcbeithb7@yahoo.co.jp
405,Filmore,Thebe,fthebeb8@wikispaces.com
406,Baxy,Gaskamp,bgaskampb9@dell.com
407,Meyer,Ahrendsen,mahrendsenba@istockphoto.com
408,Reinald,Alyoshin,ralyoshinbb@ebay.com
409,Roberto,Laird,rlairdbc@ft.com
410,Helen,Sergant,
411,Hobey,Kowal,hkowalbe@google.it
412,Kimmi,Rogliero,
413,Hubert,Tupp,htuppbg@sfgate.com
414,Clemens,Mixter,cmixterbh@youku.com
415,Delmor,McKinnon,dmckinnonbi@forbes.com
416,Tootsie,Privett,tprivettbj@over-blog.com
417,Harald,Timmons,htimmonsbk@techcrunch.com
418,Lynnelle,Mephan,
419,Vivienne,Lates,
420,Huntington,Rabson,hrabsonbn@census.gov
421,Carmelia,Mulchrone,
422,Dinny,Dukesbury,ddukesburybp@rakuten.co.jp
423,Carlene,Blabber,cblabberbq@google.com.au
424,Thatcher,Reuss,treussbr@forbes.com
425,Corie,Eicheler,
426,Bernadene,Yurasov,byurasovbt@angelfire.com
427,Orelia,Giraldo,ogiraldobu@biglobe.ne.jp
428,Deeann,Blincowe,dblincowebv@imdb.com
429,Brandon,Wynne,bwynnebw@vinaora.com
430,Alexis,MacColl,amaccollbx@ft.com
431,Evvy,Catherine,
432,Jecho,Desaur,jdesaurbz@patch.com
433,Dierdre,Quenell,dquenellc0@princeton.edu
434,Lori,McFadzean,
435,Paul,Pretious,ppretiousc2@utexas.edu
436,Karee,Kynastone,kkynastonec3@bigcartel.com
437,Chevy,Drewry,cdrewryc4@blinklist.com
438,Druci,Switland,dswitlandc5@flickr.com
439,Burl,Davidov,
440,Crystal,De Ruggero,cderuggeroc7@virginia.edu
441,Sean,Alker,
442,Ammamaria,Haeslier,ahaeslierc9@dagondesign.com
443,Zebulen,Stivens,zstivensca@cnbc.com
444,Bambie,Pitts,bpittscb@nationalgeographic.com
445,Chlo,Muffett,cmuffettcc@foxnews.com
446,Moe,Carefull,mcarefullcd@simplemachines.org
447,Selestina,Pettit,spettitce@wp.com
448,Gerianna,Martinet,gmartinetcf@sciencedirect.com
449,Artemas,Plews,
450,Lyndsie,Stolberg,lstolbergch@ebay.com
451,Nelia,Rosenthal,
452,Almira,Brotheridge,
453,Goran,Conrad,gconradck@topsy.com
454,Bradford,Gowers,
455,Salomi,Alders,salderscm@networkadvertising.org
456,Kurt,Bitchener,
457,Cam,Capel,
458,Cliff,Sheekey,
459,Idalia,Mattaus,imattauscq@discuz.net
460,Quintina,Rosi,qrosicr@blogs.com
461,Eduardo,Lutton,
462,Jennifer,Djurdjevic,jdjurdjevicct@amazonaws.com
463,Constantine,Megarry,
464,Kristan,Bukac,
465,Urbano,Blacket,ublacketcw@cornell.edu
466,Issi,Timmes,itimmescx@lycos.com
467,Cristal,Duell,cduellcy@patch.com
468,Fabe,Cornell,fcornellcz@disqus.com
469,Wood,Redmille,
470,Reinold,Khalid,rkhalidd1@google.pl
471,Wit,Curtin,
472,Rutger,Egre,regred3@bbc.co.uk
473,Olly,Cliburn,
474,Kathe,Dumphry,kdumphryd5@list-manage.com
475,Baldwin,Pincked,
476,Adel,Peyes,apeyesd7@whitehouse.gov
477,Clary,Winsom,
478,Ardine,Bastable,abastabled9@etsy.com
479,Theresita,McFeate,tmcfeateda@symantec.com
480,Claudio,Juliff,cjuliffdb@is.gd
481,Jewell,Tombling,
482,Marjorie,Lodevick,mlodevickdd@timesonline.co.uk
483,Henryetta,Wight,hwightde@bloglines.com
484,Sophia,Alfonsetto,
485,Dennie,D'Agostini,ddagostinidg@tiny.cc
486,Hedda,Bes,hbesdh@home.pl
487,Jerri,Silliman,jsillimandi@yale.edu
488,Wilton,Cowling,wcowlingdj@instagram.com
489,Trumann,des Remedios,tdesremediosdk@about.me
490,Tann,D'Ambrogio,tdambrogiodl@npr.org
491,Mariska,Locke,
492,Allistir,Kears,akearsdn@irs.gov
493,Bradney,Davley,bdavleydo@squarespace.com
494,Modestine,Philipp,mphilippdp@cisco.com
495,Ebenezer,Ricards,
496,Hervey,Piller,
497,Elisa,Covill,ecovillds@wix.com
498,Biddy,Gouldstone,bgouldstonedt@storify.com
499,Daphene,Letcher,dletcherdu@csmonitor.com
500,Gretna,Anan,ganandv@slashdot.org
501,Dolf,Bealing,dbealingdw@unblog.fr
502,Hasheem,Gouthier,
503,Laurette,Rizzelli,lrizzellidy@gov.uk
504,Dewain,Snaddon,dsnaddondz@apache.org
505,Skye,Sterry,ssterrye0@mozilla.org
506,Orran,Ghio,oghioe1@jugem.jp
507,Roderic,Duberry,rduberrye2@seattletimes.com
508,Marcille,Pourveer,
509,Andrea,Greenhowe,agreenhowee4@vimeo.com
510,Salomone,Casacchia,scasacchiae5@nps.gov
511,Paloma,McRonald,pmcronalde6@diigo.com
512,Lothaire,Mosconi,lmosconie7@stanford.edu
513,Junie,Dubock,
514,Candis,Weldrake,cweldrakee9@last.fm
515,Arlette,Scholey,ascholeyea@flickr.com
516,Neal,Baumaier,nbaumaiereb@google.fr
517,Felizio,Maywood,fmaywoodec@virginia.edu
518,Margi,McCarry,mmccarryed@oakley.com
519,Ced,Fatscher,cfatscheree@bluehost.com
520,Rafaela,Lampert,rlampertef@scientificamerican.com
521,Arie,Bredbury,abredburyeg@cnbc.com
522,Joeann,Iacomettii,
523,Dela,Brimilcome,dbrimilcomeei@nyu.edu
524,Sybilla,Denecamp,sdenecampej@dailymotion.com
525,Olva,Besset,
526,Lusa,Quarrington,lquarringtonel@unc.edu
527,Erena,Ditzel,editzelem@newsvine.com
528,Kelbee,Drohan,kdrohanen@reddit.com
529,Lisetta,Gasquoine,lgasquoineeo@uol.com.br
530,Kamilah,Halewood,
531,Penn,Norster,pnorstereq@wufoo.com
532,Maximo,Trenouth,mtrenouther@jugem.jp
533,Adolphus,Lansdowne,alansdownees@xrea.com
534,Jeannine,Minshaw,
535,Nada,Austwick,
536,Tye,Gillice,tgilliceev@nhs.uk
537,Bryce,Jaqueme,
538,Bertina,Manuello,bmanuelloex@zdnet.com
539,Harper,Tidy,
540,Sallyann,Howbrook,showbrookez@hp.com
541,Ceil,Arminger,carmingerf0@hugedomains.com
542,Sherry,Matchell,
543,Star,Coupe,scoupef2@jimdo.com
544,Joscelin,Pickworth,
545,Merrel,Cockland,mcocklandf4@accuweather.com
546,Cortney,Offill,coffillf5@prnewswire.com
547,Dewey,Tailour,
548,Audrey,Croux,
549,Angil,Stidson,
550,Claus,Charlet,ccharletf9@fc2.com
551,Horst,Cholmondeley,hcholmondeleyfa@elegantthemes.com
552,Ardyce,Sinderson,asindersonfb@ocn.ne.jp
553,Tamiko,Dibnah,tdibnahfc@hubpages.com
554,Parker,Murtagh,
555,Kingsley,Mayer,kmayerfe@psu.edu
556,Carolyne,Henker,chenkerff@squarespace.com
557,Marco,Skip,mskipfg@networkadvertising.org
558,Wynn,Keary,
559,Hester,Leroy,hleroyfi@4shared.com
560,Barnebas,Chevins,bchevinsfj@cnbc.com
561,Claiborn,Gianetti,
562,Mahalia,Loy,mloyfl@discovery.com
563,Kali,Blitzer,
564,Bron,Sweating,bsweatingfn@imageshack.us
565,Wit,Maple,wmaplefo@com.com
566,Zitella,Stitcher,
567,Tomi,Stickley,tstickleyfq@live.com
568,Cindi,Lickess,clickessfr@nature.com
569,Dolf,Colgrave,dcolgravefs@addthis.com
570,Brietta,Elnaugh,belnaughft@telegraph.co.uk
571,Marie-ann,McArt,mmcartfu@ox.ac.uk
572,Verena,Burk,vburkfv@istockphoto.com
573,Dicky,Jarmaine,
574,Norton,Tremmil,ntremmilfx@census.gov
575,Cullie,Sneath,csneathfy@columbia.edu
576,Burnard,Fyndon,
577,Ingemar,Durden,idurdeng0@twitter.com
578,Bear,Krol,bkrolg1@latimes.com
579,Garnette,Lasseter,glasseterg2@sohu.com
580,Bendix,Hourihan,bhourihang3@miitbeian.gov.cn
581,Phillie,Dainty,
582,Pauletta,Joron,pjorong5@webnode.com
583,Maryjo,Bills,
584,Gallard,Botger,
585,Kimbell,Nelius,kneliusg8@163.com
586,Amara,Reveland,
587,Lavinia,Hedlestone,
588,Paulie,Munn,pmunngb@howstuffworks.com
589,Susie,Stuart,sstuartgc@xinhuanet.com
590,Estelle,Duberry,eduberrygd@noaa.gov
591,Jules,Tomaszynski,jtomaszynskige@nature.com
592,Minda,Marques,mmarquesgf@prnewswire.com
593,Valeda,Newbery,
594,Kenneth,Beckhurst,kbeckhurstgh@imgur.com
595,Linc,Savory,
596,Vinita,ffrench Beytagh,vffrenchbeytaghgj@ucla.edu
597,Jessie,McWilliam,jmcwilliamgk@sun.com
598,Micah,Hallam,mhallamgl@google.ru
599,Kory,Pautard,kpautardgm@hao123.com
600,Lark,Vel,lvelgn@ustream.tv
601,Norene,Kilfedder,nkilfeddergo@technorati.com
602,Nils,Dossetter,ndossettergp@de.vu
603,Adelaida,Riste,aristegq@usa.gov
604,Rubi,Pegrum,
605,Fitz,Lowres,flowresgs@tripod.com
606,Natty,Officer,nofficergt@linkedin.com
607,Mattie,Coomber,mcoombergu@squarespace.com
608,Jody,Caltera,jcalteragv@list-manage.com
609,Hayden,Jacobovitch,hjacobovitchgw@topsy.com
610,Sharleen,Knapton,sknaptongx@lulu.com
611,Wayland,Connar,wconnargy@wordpress.org
612,Anna-maria,Fere,aferegz@nps.gov
613,Effie,Shailer,eshailerh0@nature.com
614,Lydie,Drivers,ldriversh1@eventbrite.com
615,Base,Scallon,bscallonh2@domainmarket.com
616,Erl,Redemile,eredemileh3@newsvine.com
617,Sonnie,Oels,soelsh4@live.com
618,Lurette,Euels,leuelsh5@cam.ac.uk
619,Leontyne,Nenci,
620,Angil,Tythe,atytheh7@oracle.com
621,Kaylee,Lakeland,klakelandh8@digg.com
622,Lorna,Poolman,
623,Cheryl,Melpuss,cmelpussha@nba.com
624,Ammamaria,Tailby,atailbyhb@prlog.org
625,Padgett,Remon,
626,Jasmina,Feyer,jfeyerhd@jiathis.com
627,Mina,Gildersleeve,
628,Alisun,Gibbetts,
629,Heddi,Ingham,hinghamhg@bing.com
630,Konstance,Martyns,kmartynshh@dedecms.com
631,Joni,Huston,jhustonhi@comcast.net
632,Thane,Burne,
633,Doreen,Iacovone,
634,Danica,Impett,dimpetthl@purevolume.com
635,Gloriane,Athey,gatheyhm@webeden.co.uk
636,Dominick,Denziloe,ddenziloehn@uol.com.br
637,Corey,Wandless,cwandlessho@bizjournals.com
638,Sonny,Eaken,seakenhp@economist.com
639,Farah,Drissell,
640,Heall,Croom,hcroomhr@hostgator.com
641,Cari,Ybarra,
642,Keefe,Chanter,kchanterht@blogs.com
643,Barth,Bartles,bbartleshu@samsung.com
644,Abbie,Francioli,afranciolihv@delicious.com
645,Jess,Fitter,
646,Waverley,Ikins,wikinshx@howstuffworks.com
647,Joelynn,Simpkiss,
648,Christoforo,Garci,cgarcihz@sfgate.com
649,Laurie,Cluatt,lcluatti0@mediafire.com
650,Trudie,Glasgow,tglasgowi1@reuters.com
651,Rey,Padula,rpadulai2@apache.org
652,Rosanna,Hexter,rhexteri3@berkeley.edu
653,Paulie,Dykins,pdykinsi4@hexun.com
654,Hetti,MacFie,hmacfiei5@naver.com
655,Cristal,Tailour,ctailouri6@wufoo.com
656,Leelah,Charrington,
657,Sanders,McAnellye,smcanellyei8@yahoo.com
658,Yulma,Corzor,
659,Karola,Strotone,kstrotoneia@amazon.co.uk
660,Tammy,Birdis,
661,Tania,Penkman,
662,Winifield,Kiehnlt,
663,Lark,McAnulty,lmcanultyie@hugedomains.com
664,Mauricio,Kevern,mkevernif@cornell.edu
665,Albert,Lomaz,alomazig@cdc.gov
666,Tris,Craythorn,tcraythornih@sciencedaily.com
667,Earlie,Dimanche,edimancheii@icq.com
668,Allx,Guiso,
669,Stanley,Linsley,slinsleyik@jugem.jp
670,Wilbur,Taberner,
671,Fallon,Thomlinson,fthomlinsonim@archive.org
672,Shea,Orbon,
673,Harli,Domini,hdominiio@wordpress.com
674,Wilek,Alldred,walldredip@columbia.edu
675,Tiena,Inwood,
676,Nessy,Coal,
677,Jeniece,Ragsdale,jragsdaleis@ihg.com
678,Mathian,Wilber,mwilberit@google.pl
679,Nels,Hardeman,nhardemaniu@jiathis.com
680,Leon,Francis,
681,Lenard,Coucha,
682,Gunar,Bucktrout,
683,Ellie,Balam,
684,Renato,Yakovitch,ryakovitchiz@rakuten.co.jp
685,Garvey,Busby,
686,Marilin,Bezzant,mbezzantj1@squidoo.com
687,Bret,Charley,bcharleyj2@earthlink.net
688,Theo,Gooley,tgooleyj3@posterous.com
689,Estrellita,Drewes,edrewesj4@addthis.com
690,Bessy,Moffat,
691,Moore,Pow,mpowj6@mozilla.org
692,Jennette,Tamblingson,jtamblingsonj7@unblog.fr
693,Siusan,Mangam,smangamj8@dailymotion.com
694,Hagan,Petters,hpettersj9@bloomberg.com
695,Scarlett,Dottridge,
696,Harald,Annice,
697,Curtice,Incogna,cincognajc@tripadvisor.com
698,Barnard,Despenser,bdespenserjd@simplemachines.org
699,Rudolph,Fishbourn,
700,Julianne,Pauleit,jpauleitjf@arizona.edu
701,Harold,Hawton,
702,Tremaine,Gaskall,tgaskalljh@prweb.com
703,Billie,Hagland,bhaglandji@webmd.com
704,Hamnet,Younglove,
705,Annora,Bywater,abywaterjk@amazon.com
706,Daryl,Boyson,dboysonjl@feedburner.com
707,Gray,Priestman,
708,Hershel,Birden,hbirdenjn@china.com.cn
709,Cassaundra,Gary,cgaryjo@usatoday.com
710,Devlin,Rodolf,drodolfjp@home.pl
711,Mara,Gellert,mgellertjq@soup.io
712,Phip,Arboine,
713,Breanne,Fenimore,
714,Annamaria,Thurman,
715,Dorelia,Walshaw,dwalshawju@paypal.com
716,Geralda,Rebanks,grebanksjv@t.co
717,Lucienne,Stacey,lstaceyjw@gov.uk
718,Cory,Cowles,ccowlesjx@comcast.net
719,Valida,Pullen,vpullenjy@uiuc.edu
720,Westbrook,MacFadyen,wmacfadyenjz@hhs.gov
721,Kristel,Hehl,khehlk0@eventbrite.com
722,Augustus,Lanfranconi,alanfranconik1@drupal.org
723,Belvia,Dicke,bdickek2@slashdot.org
724,Arlinda,Medgwick,
725,Mickie,Pawelek,
726,Johnathan,Stapylton,jstapyltonk5@salon.com
727,Jessa,Geelan,jgeelank6@devhub.com
728,Alejandra,Cromblehome,acromblehomek7@1688.com
729,Adorne,Luxton,aluxtonk8@ftc.gov
730,Melvyn,Brownsword,mbrownswordk9@imageshack.us
731,Aluin,McCusker,amccuskerka@sakura.ne.jp
732,Kirstin,Cline,kclinekb@sciencedirect.com
733,Lorri,Lovejoy,
734,Barret,Kilmurry,
735,Laurice,O'Loinn,
736,Kellsie,Tanman,ktanmankf@wordpress.org
737,Brewer,Fishe,bfishekg@is.gd
738,Barthel,Menendez,bmenendezkh@stumbleupon.com
739,Loralyn,Peete,lpeeteki@miitbeian.gov.cn
740,Adah,Capstack,
741,Lorilyn,Bertelet,
742,Calida,Hurne,churnekl@stumbleupon.com
743,Erinna,Grice,egricekm@usa.gov
744,Daffy,Waker,dwakerkn@nih.gov
745,Sybil,Dorbon,sdorbonko@discuz.net
746,Amil,Fleeman,afleemankp@telegraph.co.uk
747,Paulita,Babber,pbabberkq@walmart.com
748,Dane,Ubsdale,dubsdalekr@sciencedirect.com
749,Bridie,Hatcliffe,bhatcliffeks@squidoo.com
750,Fawnia,Vasyukhichev,fvasyukhichevkt@newyorker.com
751,Roderic,Chislett,rchislettku@cam.ac.uk
752,Barbara,Elner,belnerkv@microsoft.com
753,Tallou,Elleray,telleraykw@guardian.co.uk
754,Richmond,Renne,rrennekx@census.gov
755,Evyn,Ravilious,
756,Keriann,Holyland,kholylandkz@webs.com
757,Erasmus,Nyland,enylandl0@cnn.com
758,Annamaria,Dougliss,adouglissl1@mozilla.com
759,Consuelo,Elden,celdenl2@uiuc.edu
760,Silvio,Davidsohn,sdavidsohnl3@jimdo.com
761,Goldarina,O'Crowley,
762,Marcelle,Tame,mtamel5@dell.com
763,Marlowe,Norcop,mnorcopl6@ft.com
764,Marylinda,Bleeze,mbleezel7@storify.com
765,Bab,Drew-Clifton,
766,Agretha,Parade,aparadel9@stanford.edu
767,Barbie,Balderson,bbaldersonla@digg.com
768,Ruddy,Gillespey,rgillespeylb@intel.com
769,Rosemarie,Syers,rsyerslc@photobucket.com
770,Nora,Venour,
771,Paquito,Ablitt,
772,Lana,Lamberto,llambertolf@multiply.com
773,Brande,Redford,
774,Jeromy,Hodgin,
775,Leodora,Jouandet,ljouandetli@umich.edu
776,Judah,Jedras,jjedraslj@hc360.com
777,Allin,Bosworth,abosworthlk@elpais.com
778,Odey,Gladdin,ogladdinll@ihg.com
779,Purcell,Ixer,pixerlm@w3.org
780,Bobbi,Tullot,btullotln@google.ca
781,Greta,Spieght,gspieghtlo@dailymotion.com
782,Stefano,Perutto,speruttolp@discuz.net
783,Homerus,Purrington,hpurringtonlq@gmpg.org
784,Juditha,Parlour,jparlourlr@state.gov
785,Forrest,Gaskin,
786,Roana,Jonke,
787,Romola,Wyche,
788,Sande,Maris,
789,Bobbye,Rathbourne,brathbournelw@usgs.gov
790,Vallie,Chessell,
791,Maury,Krystof,
792,Mile,Stoter,mstoterlz@odnoklassniki.ru
793,Rosalia,Valentim,rvalentimm0@360.cn
794,Ursuline,Over,uoverm1@ucoz.com
795,Nikola,Whatson,nwhatsonm2@mysql.com
796,Sondra,Lipson,slipsonm3@wordpress.com
797,Ned,Deaville,ndeavillem4@gov.uk
798,Brady,Molen,bmolenm5@apache.org
799,Lesly,Caukill,lcaukillm6@webmd.com
800,Allyson,Trayford,
801,Enrique,Daviddi,
802,Gabbey,Lathom,
803,Hiram,Kitchingman,hkitchingmanma@imdb.com
804,Everard,Raw,
805,Jolie,Flintiff,
806,Morgan,Olpin,
807,Gothart,McLarnon,gmclarnonme@phpbb.com
808,Tobe,Chillistone,tchillistonemf@dell.com
809,Maisie,Isac,misacmg@xinhuanet.com
810,Ynez,Eriksson,
811,Kirsteni,Penner,kpennermi@indiatimes.com
812,Zared,McKirton,zmckirtonmj@va.gov
813,Burgess,Cinavas,bcinavasmk@squidoo.com
814,Patsy,Petru,
815,Corty,Dibnah,cdibnahmm@si.edu
816,Merrielle,Redmore,mredmoremn@uol.com.br
817,Nestor,Aldus,
818,Tedman,Mussolini,
819,Marten,Grzegorczyk,mgrzegorczykmq@washingtonpost.com
820,Adolphe,Thews,athewsmr@virginia.edu
821,Dody,Bellchamber,dbellchamberms@cbc.ca
822,Lenard,Servant,
823,Catarina,Poleye,cpoleyemu@comcast.net
824,Neille,Havelin,nhavelinmv@t-online.de
825,Sayre,Ralling,srallingmw@google.ru
826,Georgiana,Pote,
827,Ernest,Dunphie,edunphiemy@freewebs.com
828,Catie,Millan,cmillanmz@reference.com
829,Marcellus,Klimczak,
830,Kurtis,Roeby,kroebyn1@reuters.com
831,Joannes,Birrane,jbirranen2@earthlink.net
832,Traci,Saltmarshe,tsaltmarshen3@si.edu
833,Shepherd,Soanes,ssoanesn4@google.ru
834,Barde,Bearblock,
835,Miquela,Britten,mbrittenn6@independent.co.uk
836,Thorn,Libermore,
837,Sydelle,Iiannone,
838,Dicky,Cisson,dcissonn9@about.me
839,Felicdad,Slowgrave,fslowgravena@cpanel.net
840,Kendell,Caig,
841,Gualterio,Foddy,gfoddync@i2i.jp
842,Laughton,Dumphreys,ldumphreysnd@engadget.com
843,Eb,Soule,esoulene@wordpress.org
844,Tully,McInnery,tmcinnerynf@shareasale.com
845,Farra,Rickersy,frickersyng@smugmug.com
846,Jenna,Cattanach,jcattanachnh@google.nl
847,Renell,Cragell,
848,Misty,Blackleech,mblackleechnj@cornell.edu
849,Almira,Dagleas,adagleasnk@simplemachines.org
850,Ingar,Gail,
851,Elsbeth,Wordington,ewordingtonnm@amazon.com
852,Kearney,Yedall,kyedallnn@google.com.au
853,Lana,Stone Fewings,lstonefewingsno@virginia.edu
854,Manda,Brambill,
855,Berky,Twaits,btwaitsnq@cargocollective.com
856,Marla,McRoberts,
857,Horton,Dubber,hdubberns@sfgate.com
858,Lucita,Prestedge,lprestedgent@army.mil
859,Hurleigh,Worthy,
860,Clemmie,Agett,cagettnv@unesco.org
861,Kipp,Mainz,kmainznw@amazon.com
862,Arnuad,Zanioletti,azaniolettinx@digg.com
863,Ibby,Duligall,
864,Mariele,Vickers,
865,Glyn,Fillery,
866,Demetra,Allgood,dallgoodo1@engadget.com
867,Alejandro,Losemann,
868,Lorianne,Stitson,lstitsono3@deliciousdays.com
869,Chico,Cheesworth,
870,Fiona,Huggon,
871,Griff,Broome,
872,Reilly,Narracott,rnarracotto7@earthlink.net
873,Mamie,Watters,
874,Federico,Youle,fyouleo9@imgur.com
875,Terrell,Pickett,
876,Maribeth,Loughrey,
877,Hermine,Farguhar,hfarguharoc@booking.com
878,Markus,Bootton,mboottonod@blogspot.com
879,Jedidiah,Lovewell,jlovewelloe@dell.com
880,Edythe,Cordobes,ecordobesof@privacy.gov.au
881,Mirabel,Dolling,
882,Cariotta,Mixter,cmixteroh@e-recht24.de
883,Robinson,Roser,rroseroi@over-blog.com
884,Miner,Habbon,mhabbonoj@comcast.net
885,Greer,Nitti,gnittiok@usnews.com
886,Kevyn,Rawlinson,krawlinsonol@jalbum.net
887,Zak,Penhale,zpenhaleom@technorati.com
888,Ulrike,Sturridge,usturridgeon@facebook.com
889,Rubetta,Penny,rpennyoo@com.com
890,Barty,Dun,bdunop@msu.edu
891,Chrystel,Korba,
892,Edwin,Mullen,emullenor@hc360.com
893,Viole,Grebner,vgrebneros@mediafire.com
894,Rana,Chinnery,rchinneryot@addtoany.com
895,Meggy,Hampe,mhampeou@icio.us
896,Cornie,De Gouy,cdegouyov@yolasite.com
897,Em,Buy,ebuyow@ucla.edu
898,Ripley,Ambrosoli,rambrosoliox@sfgate.com
899,Lanny,Lamminam,llamminamoy@hp.com
900,Ruby,Godney,rgodneyoz@so-net.ne.jp
901,Leodora,Woolen,lwoolenp0@elpais.com
902,Edgard,Antham,
903,Sylvan,Geke,sgekep2@acquirethisname.com
904,Consuela,Folshom,
905,Freida,Berresford,
906,Gabrielle,Curryer,gcurryerp5@spiegel.de
907,Robby,Applegarth,rapplegarthp6@nasa.gov
908,Faustine,Gadson,
909,Jenni,Frenzl,jfrenzlp8@a8.net
910,Kaine,Drepp,kdreppp9@nationalgeographic.com
911,Isidoro,Boller,ibollerpa@wiley.com
912,Cedric,Van Der Weedenburg,
913,Trent,Proby,
914,Marj,Stothert,
915,Constantine,Jerisch,cjerischpe@usda.gov
916,Hynda,Dewen,hdewenpf@uiuc.edu
917,Arlana,Nosworthy,anosworthypg@cargocollective.com
918,Pasquale,Freak,
919,Garret,Stokes,gstokespi@ask.com
920,Terri-jo,Dobrowlski,tdobrowlskipj@ca.gov
921,Troy,Dunlap,
922,Phil,Totterdill,
923,Abelard,Baroc,
924,Devora,McGeever,dmcgeeverpn@scribd.com
925,Giulio,Sasser,gsasserpo@soundcloud.com
926,Gene,Pettie,gpettiepp@businessinsider.com
927,Tiffany,Stollmeier,
928,Sherill,Base,
929,Corby,Henner,chennerps@newyorker.com
930,Mauricio,Smeal,
931,Beryle,Demongeot,bdemongeotpu@yahoo.co.jp
932,Lexi,Vannoni,lvannonipv@hexun.com
933,Jean,Davidwitz,jdavidwitzpw@google.ru
934,Minne,Ferrulli,mferrullipx@photobucket.com
935,Millisent,Bilovsky,mbilovskypy@ameblo.jp
936,Sara-ann,Jowling,sjowlingpz@stumbleupon.com
937,Cecilius,Thaine,cthaineq0@flavors.me
938,Wyndham,Waddingham,
939,Gillie,Harrema,
940,Putnam,Tolle,ptolleq3@biglobe.ne.jp
941,Gilburt,Riatt,
942,Alphonse,Rylatt,
943,Bernard,Damsell,
944,Berti,Fatkin,bfatkinq7@tinyurl.com
945,Bette-ann,Dark,
946,Ardine,Dries,
947,Michaelina,Subhan,
948,Vi,Anstey,
949,Axel,Telega,
950,Anne,Monte,amonteqd@lulu.com
951,Kermie,Schubart,kschubartqe@ed.gov
952,Otis,Fishburn,ofishburnqf@ca.gov
953,Nonie,Daice,ndaiceqg@seattletimes.com
954,Flinn,Matthius,fmatthiusqh@slashdot.org
955,Bendite,Penswick,bpenswickqi@cafepress.com
956,Gisela,Cust,gcustqj@weather.com
957,Jelene,Symons,
958,Kass,Whitely,
959,Corinne,Aird,cairdqm@chron.com
960,Giana,Cowperthwaite,gcowperthwaiteqn@utexas.edu
961,Erika,Conti,econtiqo@booking.com
962,Penrod,Purviss,
963,Staffard,MacGill,smacgillqq@w3.org
964,Eugenio,Caston,ecastonqr@diigo.com
965,Aeriela,Dibbs,adibbsqs@ucla.edu
966,Aldwin,Issit,aissitqt@weather.com
967,Willamina,Markussen,wmarkussenqu@opera.com
968,Ailey,Pawling,
969,Giulia,Ogdahl,
970,Haleigh,Croux,hcrouxqx@amazon.de
971,Benton,Bultitude,
972,Sallie,Beldom,sbeldomqz@mashable.com
973,Cathleen,Pinard,cpinardr0@answers.com
974,Larry,Twaits,ltwaitsr1@gravatar.com
975,Marna,Wakeham,mwakehamr2@com.com
976,Iseabal,O'Bradain,
977,Rube,Paute,rpauter4@discuz.net
978,Parke,Faltin,
979,Stephan,Coonan,scoonanr6@google.it
980,Paolo,Brame,
981,Giraud,Lemon,glemonr8@google.es
982,Tara,Werner,
983,Lorry,Winsome,lwinsomera@dagondesign.com
984,Arabela,Maryon,amaryonrb@biglobe.ne.jp
985,Dante,Probey,dprobeyrc@nature.com
986,Court,Milstead,
987,Robinet,Coltart,rcoltartre@aol.com
988,Andrew,Schlagtmans,
989,Chrissie,Creech,ccreechrg@epa.gov
990,Willey,Shaddock,
991,Claudius,Capron,ccapronri@bing.com
992,Gordon,Shelp,gshelprj@ustream.tv
993,Raphael,Broxap,
994,Peadar,Shevell,pshevellrl@bloglovin.com
995,Harlin,Carrington,hcarringtonrm@google.ru
996,Katrinka,Endle,
997,Jamison,Pashen,jpashenro@reference.com
998,Ettore,Hellin,ehellinrp@howstuffworks.com
999,Sophey,Ninnotti,
1000,Tina,Graeme,tgraemerr@princeton.edu
